-- 테스트 계정
insert into user_account (user_id, user_password, nickname, email, memo, created_at, created_by, updated_at, updated_by) values
    ('hyoin', 'hyoin1234', 'Hi', 'hi@gmail.com', 'I am Hi.', now(), 'hi', now(), 'hi')
;
insert into user_account (user_id, user_password, nickname, email, memo, created_at, created_by, updated_at, updated_by) values
    ('hyoin2', 'hyoin21234', 'Hello', 'hello@gmail.com', 'I am Hello.', now(), 'hello', now(), 'hi')
;



-- 100 게시글
-- insert into article (title, content,type, created_by, updated_by, created_at, updated_at) values
--     ('Quisque ut erat.', 'hi','주문', 'Kamilah', 'Murial', '2021-05-30 23:53:46', '2021-03-10 08:48:50');
insert into article (user_id, title, content, type, created_at, updated_at, created_by, updated_by) values ('hyoin2', 'Aerified', 'Maecenas ut massa quis augue luctus tincidunt. Nulla mollis molestie lorem.', 'Yellow', '2021-10-24 01:54:56', '2021-11-12 05:06:14', 'Orbadiah', 'Bryanty');
insert into article (user_id, title, content, type, created_at, updated_at, created_by, updated_by) values ('hyoin2', 'Daltfresh', 'Aenean lectus. Pellentesque eget nunc. Donec quis orci eget orci vehicula condimentum.', 'Red', '2022-05-08 22:00:31', '2022-08-07 16:56:28', 'Olia', 'Brnaby');
insert into article (user_id, title, content, type, created_at, updated_at, created_by, updated_by) values ('hyoin2', 'Aerified', 'Aenean lectus.', 'Maroon', '2022-06-14 01:58:47', '2022-01-21 11:53:38', 'Min', 'Datha');
insert into article (user_id, title, content, type, created_at, updated_at, created_by, updated_by) values ('hyoin2', 'Daltfresh', 'Donec ut dolor.', 'Teal', '2022-08-21 00:05:31', '2022-03-18 13:03:37', 'Jerome', 'Ralina');
insert into article (user_id, title, content, type, created_at, updated_at, created_by, updated_by) values ('hyoin2', 'Y-find', 'Donec semper sapien a libero. Nam dui.', 'Indigo', '2022-07-11 02:19:44', '2022-05-22 05:03:11', 'Ernestine', 'Leelah');
insert into article (user_id, title, content, type, created_at, updated_at, created_by, updated_by) values ('hyoin', 'Keylex', 'Nullam sit amet turpis elementum ligula vehicula consequat.', 'Indigo', '2022-09-12 00:56:35', '2022-08-02 02:02:35', 'Ronny', 'Benny');
insert into article (user_id, title, content, type, created_at, updated_at, created_by, updated_by) values ('hyoin', 'Andalax', 'Donec ut dolor.', 'Violet', '2022-08-20 16:40:22', '2022-02-18 02:22:58', 'Caria', 'Dallis');
insert into article (user_id, title, content, type, created_at, updated_at, created_by, updated_by) values ('hyoin', 'Home Ing', 'Duis bibendum, felis sed interdum venenatis, turpis enim blandit mi, in porttitor pede justo eu massa. Donec dapibus. Duis at velit eu est congue elementum.', 'Blue', '2022-02-12 10:52:17', '2022-05-11 00:36:15', 'Sybila', 'Tessie');
insert into article (user_id, title, content, type, created_at, updated_at, created_by, updated_by) values ('hyoin2', 'It', 'Maecenas pulvinar lobortis est. Phasellus sit amet erat. Nulla tempus.', 'Indigo', '2022-03-26 14:27:44', '2021-12-15 15:20:29', 'Ethelbert', 'Clementius');
insert into article (user_id, title, content, type, created_at, updated_at, created_by, updated_by) values ('hyoin', 'Stronghold', 'Morbi sem mauris, laoreet ut, rhoncus aliquet, pulvinar sed, nisl.', 'Purple', '2022-03-28 15:13:04', '2022-07-30 11:22:01', 'Schuyler', 'Townsend');
insert into article (user_id, title, content, type, created_at, updated_at, created_by, updated_by) values ('hyoin2', 'Pannier', 'Pellentesque at nulla. Suspendisse potenti. Cras in purus eu magna vulputate luctus.', 'Pink', '2022-02-10 01:08:28', '2022-09-06 15:01:30', 'Regina', 'Cass');
insert into article (user_id, title, content, type, created_at, updated_at, created_by, updated_by) values ('hyoin2', 'Bamity', 'Maecenas tristique, est et tempus semper, est quam pharetra magna, ac consequat metus sapien ut nunc. Vestibulum ante ipsum primis in faucibus orci luctus et ultrices posuere cubilia Curae; Mauris viverra diam vitae quam.', 'Aquamarine', '2021-12-30 05:32:14', '2022-06-14 03:28:33', 'Bili', 'Dionisio');
insert into article (user_id, title, content, type, created_at, updated_at, created_by, updated_by) values ('hyoin', 'Pannier', 'Praesent lectus. Vestibulum quam sapien, varius ut, blandit non, interdum in, ante. Vestibulum ante ipsum primis in faucibus orci luctus et ultrices posuere cubilia Curae; Duis faucibus accumsan odio.', 'Orange', '2022-09-20 17:14:23', '2021-11-08 22:20:02', 'Audy', 'Rolland');
insert into article (user_id, title, content, type, created_at, updated_at, created_by, updated_by) values ('hyoin2', 'Voltsillam', 'Donec odio justo, sollicitudin ut, suscipit a, feugiat et, eros. Vestibulum ac est lacinia nisi venenatis tristique.', 'Blue', '2021-11-11 02:58:00', '2022-02-26 11:59:19', 'Dominik', 'Kimberley');
insert into article (user_id, title, content, type, created_at, updated_at, created_by, updated_by) values ('hyoin2', 'Bamity', 'Morbi sem mauris, laoreet ut, rhoncus aliquet, pulvinar sed, nisl. Nunc rhoncus dui vel sem.', 'Pink', '2021-10-23 23:58:15', '2022-08-12 16:13:18', 'Danell', 'Christy');
insert into article (user_id, title, content, type, created_at, updated_at, created_by, updated_by) values ('hyoin2', 'Daltfresh', 'Pellentesque ultrices mattis odio. Donec vitae nisi. Nam ultrices, libero non mattis pulvinar, nulla pede ullamcorper augue, a suscipit nulla elit ac nulla.', 'Aquamarine', '2022-01-16 18:22:14', '2021-10-19 08:50:07', 'Angele', 'Llywellyn');
insert into article (user_id, title, content, type, created_at, updated_at, created_by, updated_by) values ('hyoin2', 'Flowdesk', 'Cum sociis natoque penatibus et magnis dis parturient montes, nascetur ridiculus mus. Vivamus vestibulum sagittis sapien. Cum sociis natoque penatibus et magnis dis parturient montes, nascetur ridiculus mus.', 'Khaki', '2022-03-22 04:25:43', '2022-01-23 13:45:49', 'Fulton', 'Carolina');
insert into article (user_id, title, content, type, created_at, updated_at, created_by, updated_by) values ('hyoin2', 'Aerified', 'Cum sociis natoque penatibus et magnis dis parturient montes, nascetur ridiculus mus. Etiam vel augue.', 'Blue', '2022-09-30 14:21:43', '2022-05-04 19:16:38', 'Mabel', 'Randall');
insert into article (user_id, title, content, type, created_at, updated_at, created_by, updated_by) values ('hyoin', 'Veribet', 'Nunc purus. Phasellus in felis. Donec semper sapien a libero.', 'Aquamarine', '2022-02-11 11:06:19', '2021-12-18 15:05:25', 'Jami', 'Brien');
insert into article (user_id, title, content, type, created_at, updated_at, created_by, updated_by) values ('hyoin2', 'Bitwolf', 'Nam tristique tortor eu pede.', 'Aquamarine', '2021-12-05 04:27:56', '2022-07-20 03:14:48', 'Corene', 'Madelaine');
insert into article (user_id, title, content, type, created_at, updated_at, created_by, updated_by) values ('hyoin', 'Subin', 'Nulla neque libero, convallis eget, eleifend luctus, ultricies eu, nibh. Quisque id justo sit amet sapien dignissim vestibulum. Vestibulum ante ipsum primis in faucibus orci luctus et ultrices posuere cubilia Curae; Nulla dapibus dolor vel est.', 'Indigo', '2022-01-08 04:15:31', '2022-01-01 06:02:30', 'Van', 'Doll');
insert into article (user_id, title, content, type, created_at, updated_at, created_by, updated_by) values ('hyoin', 'Opela', 'Curabitur gravida nisi at nibh. In hac habitasse platea dictumst. Aliquam augue quam, sollicitudin vitae, consectetuer eget, rutrum at, lorem.', 'Red', '2022-08-11 22:46:03', '2022-04-16 19:39:36', 'Sal', 'Biddie');
insert into article (user_id, title, content, type, created_at, updated_at, created_by, updated_by) values ('hyoin', 'Treeflex', 'Morbi a ipsum. Integer a nibh.', 'Green', '2022-02-11 05:41:56', '2022-08-07 02:13:35', 'Barclay', 'Merna');
insert into article (user_id, title, content, type, created_at, updated_at, created_by, updated_by) values ('hyoin2', 'Lotstring', 'Vestibulum ante ipsum primis in faucibus orci luctus et ultrices posuere cubilia Curae; Duis faucibus accumsan odio.', 'Turquoise', '2021-11-28 23:28:52', '2021-12-23 21:51:01', 'Skip', 'Alyosha');
insert into article (user_id, title, content, type, created_at, updated_at, created_by, updated_by) values ('hyoin', 'Voyatouch', 'Pellentesque at nulla. Suspendisse potenti. Cras in purus eu magna vulputate luctus.', 'Violet', '2022-02-03 01:17:42', '2022-09-20 22:32:56', 'Gilda', 'Bridie');
insert into article (user_id, title, content, type, created_at, updated_at, created_by, updated_by) values ('hyoin2', 'Span', 'Phasellus id sapien in sapien iaculis congue. Vivamus metus arcu, adipiscing molestie, hendrerit at, vulputate vitae, nisl.', 'Indigo', '2022-04-02 05:00:17', '2021-12-01 15:57:57', 'Trenton', 'Hank');
insert into article (user_id, title, content, type, created_at, updated_at, created_by, updated_by) values ('hyoin', 'Pannier', 'Morbi quis tortor id nulla ultrices aliquet.', 'Turquoise', '2022-02-16 14:18:45', '2022-07-23 13:31:15', 'Sandor', 'Sheba');
insert into article (user_id, title, content, type, created_at, updated_at, created_by, updated_by) values ('hyoin', 'Matsoft', 'Proin leo odio, porttitor id, consequat in, consequat ut, nulla. Sed accumsan felis.', 'Orange', '2021-11-17 23:52:22', '2022-09-02 21:27:54', 'Rutger', 'Nickey');
insert into article (user_id, title, content, type, created_at, updated_at, created_by, updated_by) values ('hyoin', 'Cookley', 'Sed accumsan felis. Ut at dolor quis odio consequat varius. Integer ac leo.', 'Aquamarine', '2022-03-23 08:07:03', '2021-11-07 18:06:22', 'Robb', 'Beulah');
insert into article (user_id, title, content, type, created_at, updated_at, created_by, updated_by) values ('hyoin', 'Zontrax', 'Nullam porttitor lacus at turpis. Donec posuere metus vitae ipsum.', 'Indigo', '2021-12-05 07:31:10', '2022-05-02 03:58:35', 'Nariko', 'Salvador');
insert into article (user_id, title, content, type, created_at, updated_at, created_by, updated_by) values ('hyoin2', 'Cardify', 'Lorem ipsum dolor sit amet, consectetuer adipiscing elit. Proin interdum mauris non ligula pellentesque ultrices. Phasellus id sapien in sapien iaculis congue.', 'Violet', '2021-10-26 09:11:02', '2022-03-21 18:10:59', 'Iggie', 'Tarah');
insert into article (user_id, title, content, type, created_at, updated_at, created_by, updated_by) values ('hyoin2', 'Temp', 'In hac habitasse platea dictumst. Aliquam augue quam, sollicitudin vitae, consectetuer eget, rutrum at, lorem. Integer tincidunt ante vel ipsum.', 'Teal', '2022-09-02 16:52:36', '2022-01-12 05:21:11', 'Kerry', 'Petey');
insert into article (user_id, title, content, type, created_at, updated_at, created_by, updated_by) values ('hyoin2', 'Bitchip', 'Nulla neque libero, convallis eget, eleifend luctus, ultricies eu, nibh. Quisque id justo sit amet sapien dignissim vestibulum. Vestibulum ante ipsum primis in faucibus orci luctus et ultrices posuere cubilia Curae; Nulla dapibus dolor vel est.', 'Violet', '2022-07-26 04:09:55', '2022-03-27 17:15:43', 'Catarina', 'Cyndy');
insert into article (user_id, title, content, type, created_at, updated_at, created_by, updated_by) values ('hyoin', 'Temp', 'In hac habitasse platea dictumst.', 'Goldenrod', '2022-02-14 05:18:48', '2022-10-03 15:08:35', 'Corrie', 'Lurlene');
insert into article (user_id, title, content, type, created_at, updated_at, created_by, updated_by) values ('hyoin2', 'Pannier', 'Integer tincidunt ante vel ipsum. Praesent blandit lacinia erat. Vestibulum sed magna at nunc commodo placerat.', 'Violet', '2022-08-08 12:31:15', '2022-10-04 16:55:13', 'Berkly', 'Herb');
insert into article (user_id, title, content, type, created_at, updated_at, created_by, updated_by) values ('hyoin', 'Pannier', 'Nullam porttitor lacus at turpis. Donec posuere metus vitae ipsum. Aliquam non mauris.', 'Blue', '2021-12-05 23:40:21', '2022-08-25 06:55:00', 'Sonja', 'Cross');
insert into article (user_id, title, content, type, created_at, updated_at, created_by, updated_by) values ('hyoin', 'Regrant', 'Aliquam erat volutpat.', 'Puce', '2022-09-21 16:11:48', '2021-12-04 07:06:58', 'Antonella', 'Emelia');
insert into article (user_id, title, content, type, created_at, updated_at, created_by, updated_by) values ('hyoin2', 'Overhold', 'Vestibulum ante ipsum primis in faucibus orci luctus et ultrices posuere cubilia Curae; Nulla dapibus dolor vel est.', 'Turquoise', '2021-12-16 21:17:32', '2022-03-24 04:00:52', 'Shae', 'Monique');
insert into article (user_id, title, content, type, created_at, updated_at, created_by, updated_by) values ('hyoin', 'Stringtough', 'In hac habitasse platea dictumst.', 'Purple', '2022-08-19 02:03:43', '2022-01-15 23:21:23', 'Kyle', 'Jesse');
insert into article (user_id, title, content, type, created_at, updated_at, created_by, updated_by) values ('hyoin', 'Job', 'Morbi vel lectus in quam fringilla rhoncus.', 'Maroon', '2022-03-30 12:26:21', '2022-04-07 01:23:38', 'Mill', 'Noe');
insert into article (user_id, title, content, type, created_at, updated_at, created_by, updated_by) values ('hyoin', 'Matsoft', 'Fusce consequat.', 'Yellow', '2021-11-15 10:56:32', '2022-02-06 14:26:04', 'Latia', 'Gregoor');
insert into article (user_id, title, content, type, created_at, updated_at, created_by, updated_by) values ('hyoin', 'Tin', 'Maecenas tincidunt lacus at velit. Vivamus vel nulla eget eros elementum pellentesque.', 'Yellow', '2022-06-28 04:52:58', '2022-04-18 06:23:12', 'Gayle', 'Tracy');
insert into article (user_id, title, content, type, created_at, updated_at, created_by, updated_by) values ('hyoin', 'Vagram', 'Morbi odio odio, elementum eu, interdum eu, tincidunt in, leo.', 'Orange', '2022-06-30 21:25:54', '2022-06-16 16:11:26', 'Virginie', 'Renaud');
insert into article (user_id, title, content, type, created_at, updated_at, created_by, updated_by) values ('hyoin', 'Wrapsafe', 'Vestibulum ante ipsum primis in faucibus orci luctus et ultrices posuere cubilia Curae; Donec pharetra, magna vestibulum aliquet ultrices, erat tortor sollicitudin mi, sit amet lobortis sapien sapien non mi. Integer ac neque.', 'Teal', '2022-04-22 13:01:46', '2022-09-27 01:13:55', 'Leodora', 'Miles');
insert into article (user_id, title, content, type, created_at, updated_at, created_by, updated_by) values ('hyoin2', 'Hatity', 'Praesent lectus.', 'Blue', '2022-06-29 04:41:53', '2022-05-07 05:26:52', 'Jeanne', 'Betty');
insert into article (user_id, title, content, type, created_at, updated_at, created_by, updated_by) values ('hyoin', 'Greenlam', 'Suspendisse ornare consequat lectus.', 'Maroon', '2022-05-11 16:23:34', '2021-11-18 18:34:22', 'Danit', 'Tricia');
insert into article (user_id, title, content, type, created_at, updated_at, created_by, updated_by) values ('hyoin', 'Namfix', 'Integer aliquet, massa id lobortis convallis, tortor risus dapibus augue, vel accumsan tellus nisi eu orci.', 'Teal', '2021-11-23 22:57:15', '2022-08-06 16:22:18', 'Belinda', 'Ermentrude');
insert into article (user_id, title, content, type, created_at, updated_at, created_by, updated_by) values ('hyoin2', 'Stim', 'In hac habitasse platea dictumst.', 'Goldenrod', '2021-10-19 20:01:17', '2022-03-21 23:19:51', 'Olympie', 'Aurelea');
insert into article (user_id, title, content, type, created_at, updated_at, created_by, updated_by) values ('hyoin2', 'Stringtough', 'Aliquam augue quam, sollicitudin vitae, consectetuer eget, rutrum at, lorem.', 'Fuscia', '2021-12-02 12:38:30', '2022-01-30 17:49:52', 'Alisander', 'Keri');
insert into article (user_id, title, content, type, created_at, updated_at, created_by, updated_by) values ('hyoin', 'Prodder', 'Vestibulum rutrum rutrum neque. Aenean auctor gravida sem.', 'Indigo', '2022-02-11 00:50:24', '2022-03-05 20:57:08', 'Jelene', 'Francois');
insert into article (user_id, title, content, type, created_at, updated_at, created_by, updated_by) values ('hyoin', 'Mat Lam Tam', 'Cras mi pede, malesuada in, imperdiet et, commodo vulputate, justo. In blandit ultrices enim. Lorem ipsum dolor sit amet, consectetuer adipiscing elit.', 'Indigo', '2022-04-15 14:29:24', '2022-04-08 08:23:46', 'Agathe', 'Obidiah');
insert into article (user_id, title, content, type, created_at, updated_at, created_by, updated_by) values ('hyoin', 'Flexidy', 'Curabitur in libero ut massa volutpat convallis.', 'Blue', '2021-12-22 03:33:47', '2021-10-25 21:44:47', 'Monika', 'Quint');
insert into article (user_id, title, content, type, created_at, updated_at, created_by, updated_by) values ('hyoin2', 'Stringtough', 'Etiam justo. Etiam pretium iaculis justo. In hac habitasse platea dictumst.', 'Orange', '2021-11-22 01:42:50', '2021-10-28 05:42:03', 'Midge', 'Wang');
insert into article (user_id, title, content, type, created_at, updated_at, created_by, updated_by) values ('hyoin', 'Mat Lam Tam', 'Donec dapibus. Duis at velit eu est congue elementum. In hac habitasse platea dictumst.', 'Fuscia', '2022-03-23 12:38:32', '2022-06-10 21:36:27', 'Janenna', 'Corena');
insert into article (user_id, title, content, type, created_at, updated_at, created_by, updated_by) values ('hyoin', 'Asoka', 'Cum sociis natoque penatibus et magnis dis parturient montes, nascetur ridiculus mus. Etiam vel augue.', 'Goldenrod', '2022-08-07 13:12:16', '2022-07-29 13:15:08', 'Clio', 'Rockie');
insert into article (user_id, title, content, type, created_at, updated_at, created_by, updated_by) values ('hyoin2', 'Overhold', 'Nullam varius. Nulla facilisi.', 'Indigo', '2022-02-12 00:40:19', '2022-10-16 11:05:13', 'Gerry', 'Karl');
insert into article (user_id, title, content, type, created_at, updated_at, created_by, updated_by) values ('hyoin', 'Tempsoft', 'Morbi a ipsum. Integer a nibh.', 'Fuscia', '2021-11-11 23:17:13', '2021-12-21 00:49:46', 'Alexina', 'Matty');
insert into article (user_id, title, content, type, created_at, updated_at, created_by, updated_by) values ('hyoin', 'Wrapsafe', 'Fusce consequat. Nulla nisl.', 'Khaki', '2022-10-16 18:41:55', '2021-12-04 18:17:24', 'Linn', 'Baillie');
insert into article (user_id, title, content, type, created_at, updated_at, created_by, updated_by) values ('hyoin2', 'Holdlamis', 'Vivamus tortor. Duis mattis egestas metus.', 'Maroon', '2021-11-20 03:37:54', '2021-11-10 10:53:57', 'Rosco', 'Shane');
insert into article (user_id, title, content, type, created_at, updated_at, created_by, updated_by) values ('hyoin', 'Trippledex', 'Cras non velit nec nisi vulputate nonummy. Maecenas tincidunt lacus at velit.', 'Puce', '2022-01-19 00:47:19', '2022-07-03 18:58:49', 'Carolann', 'Ardenia');
insert into article (user_id, title, content, type, created_at, updated_at, created_by, updated_by) values ('hyoin', 'Alphazap', 'Suspendisse potenti.', 'Purple', '2022-05-01 03:39:03', '2022-03-01 11:55:59', 'Karney', 'Wilbur');
insert into article (user_id, title, content, type, created_at, updated_at, created_by, updated_by) values ('hyoin', 'Otcom', 'Fusce congue, diam id ornare imperdiet, sapien urna pretium nisl, ut volutpat sapien arcu sed augue.', 'Teal', '2022-07-17 22:30:29', '2022-09-17 09:41:35', 'Chan', 'Cassey');
insert into article (user_id, title, content, type, created_at, updated_at, created_by, updated_by) values ('hyoin', 'Zontrax', 'Donec ut mauris eget massa tempor convallis. Nulla neque libero, convallis eget, eleifend luctus, ultricies eu, nibh. Quisque id justo sit amet sapien dignissim vestibulum.', 'Crimson', '2022-03-24 03:34:31', '2022-01-30 03:11:18', 'Myrvyn', 'Aurora');
insert into article (user_id, title, content, type, created_at, updated_at, created_by, updated_by) values ('hyoin', 'Tresom', 'Mauris enim leo, rhoncus sed, vestibulum sit amet, cursus id, turpis. Integer aliquet, massa id lobortis convallis, tortor risus dapibus augue, vel accumsan tellus nisi eu orci. Mauris lacinia sapien quis libero.', 'Violet', '2022-04-26 13:33:53', '2022-02-28 05:36:06', 'Jodie', 'Robinette');
insert into article (user_id, title, content, type, created_at, updated_at, created_by, updated_by) values ('hyoin2', 'Flowdesk', 'Nulla facilisi. Cras non velit nec nisi vulputate nonummy.', 'Mauv', '2022-08-16 22:27:30', '2022-04-30 09:12:11', 'Shelagh', 'Michele');
insert into article (user_id, title, content, type, created_at, updated_at, created_by, updated_by) values ('hyoin2', 'Voyatouch', 'Nunc rhoncus dui vel sem. Sed sagittis.', 'Teal', '2022-06-24 05:44:34', '2022-08-27 16:43:50', 'Chrissy', 'Illa');
insert into article (user_id, title, content, type, created_at, updated_at, created_by, updated_by) values ('hyoin', 'Transcof', 'Nulla neque libero, convallis eget, eleifend luctus, ultricies eu, nibh.', 'Indigo', '2022-09-28 08:36:35', '2022-05-28 10:34:03', 'Caro', 'Casi');
insert into article (user_id, title, content, type, created_at, updated_at, created_by, updated_by) values ('hyoin', 'Alpha', 'Praesent lectus. Vestibulum quam sapien, varius ut, blandit non, interdum in, ante.', 'Purple', '2022-07-21 17:53:02', '2022-02-27 12:53:50', 'Lonny', 'Reagen');
insert into article (user_id, title, content, type, created_at, updated_at, created_by, updated_by) values ('hyoin2', 'Span', 'Vivamus tortor. Duis mattis egestas metus.', 'Pink', '2022-04-10 05:36:10', '2022-01-06 13:14:42', 'Georgeanna', 'Randi');
insert into article (user_id, title, content, type, created_at, updated_at, created_by, updated_by) values ('hyoin', 'Solarbreeze', 'Aenean fermentum. Donec ut mauris eget massa tempor convallis. Nulla neque libero, convallis eget, eleifend luctus, ultricies eu, nibh.', 'Mauv', '2022-07-15 07:09:01', '2022-09-20 16:07:06', 'Adriena', 'Darcie');
insert into article (user_id, title, content, type, created_at, updated_at, created_by, updated_by) values ('hyoin', 'Hatity', 'Suspendisse accumsan tortor quis turpis.', 'Green', '2022-08-30 16:04:07', '2021-11-20 02:38:18', 'Gregorius', 'Verne');
insert into article (user_id, title, content, type, created_at, updated_at, created_by, updated_by) values ('hyoin', 'Quo Lux', 'Mauris ullamcorper purus sit amet nulla. Quisque arcu libero, rutrum ac, lobortis vel, dapibus at, diam.', 'Green', '2022-07-11 17:13:42', '2022-02-17 14:13:24', 'Nathanil', 'Betsey');
insert into article (user_id, title, content, type, created_at, updated_at, created_by, updated_by) values ('hyoin', 'Toughjoyfax', 'Nullam molestie nibh in lectus. Pellentesque at nulla.', 'Green', '2022-09-10 04:00:25', '2022-08-04 19:08:59', 'Tore', 'Burr');
insert into article (user_id, title, content, type, created_at, updated_at, created_by, updated_by) values ('hyoin2', 'Subin', 'Nam nulla.', 'Aquamarine', '2022-03-19 10:49:07', '2022-04-10 09:43:18', 'Philip', 'Glynda');
insert into article (user_id, title, content, type, created_at, updated_at, created_by, updated_by) values ('hyoin2', 'Flexidy', 'Morbi sem mauris, laoreet ut, rhoncus aliquet, pulvinar sed, nisl.', 'Khaki', '2022-02-19 11:41:10', '2022-06-18 00:51:15', 'Jeane', 'Brande');
insert into article (user_id, title, content, type, created_at, updated_at, created_by, updated_by) values ('hyoin', 'Daltfresh', 'Vestibulum quam sapien, varius ut, blandit non, interdum in, ante. Vestibulum ante ipsum primis in faucibus orci luctus et ultrices posuere cubilia Curae; Duis faucibus accumsan odio.', 'Teal', '2021-11-23 11:34:38', '2021-11-26 23:06:34', 'Ingeborg', 'Simon');
insert into article (user_id, title, content, type, created_at, updated_at, created_by, updated_by) values ('hyoin', 'Voyatouch', 'Nam ultrices, libero non mattis pulvinar, nulla pede ullamcorper augue, a suscipit nulla elit ac nulla. Sed vel enim sit amet nunc viverra dapibus. Nulla suscipit ligula in lacus.', 'Green', '2022-03-30 18:50:25', '2022-07-28 10:47:43', 'Hobart', 'Jobi');
insert into article (user_id, title, content, type, created_at, updated_at, created_by, updated_by) values ('hyoin2', 'Latlux', 'Nulla suscipit ligula in lacus.', 'Khaki', '2022-04-26 19:56:16', '2022-01-21 06:21:00', 'Ellynn', 'Hazel');
insert into article (user_id, title, content, type, created_at, updated_at, created_by, updated_by) values ('hyoin', 'Keylex', 'Nam dui. Proin leo odio, porttitor id, consequat in, consequat ut, nulla.', 'Pink', '2022-05-01 07:08:20', '2021-11-26 00:46:36', 'Munroe', 'Monty');
insert into article (user_id, title, content, type, created_at, updated_at, created_by, updated_by) values ('hyoin2', 'Gembucket', 'Maecenas tristique, est et tempus semper, est quam pharetra magna, ac consequat metus sapien ut nunc.', 'Aquamarine', '2021-11-08 12:19:27', '2022-03-24 05:31:39', 'Panchito', 'Patsy');
insert into article (user_id, title, content, type, created_at, updated_at, created_by, updated_by) values ('hyoin', 'Regrant', 'Quisque porta volutpat erat. Quisque erat eros, viverra eget, congue eget, semper rutrum, nulla. Nunc purus.', 'Indigo', '2021-11-11 04:49:26', '2022-02-17 13:52:03', 'Roddie', 'Barr');
insert into article (user_id, title, content, type, created_at, updated_at, created_by, updated_by) values ('hyoin', 'Lotlux', 'Nulla ac enim. In tempor, turpis nec euismod scelerisque, quam turpis adipiscing lorem, vitae mattis nibh ligula nec sem. Duis aliquam convallis nunc.', 'Indigo', '2022-09-02 21:35:51', '2022-09-14 07:32:38', 'Karim', 'Randall');
insert into article (user_id, title, content, type, created_at, updated_at, created_by, updated_by) values ('hyoin2', 'Cardguard', 'Sed ante. Vivamus tortor. Duis mattis egestas metus.', 'Khaki', '2022-06-18 23:28:07', '2021-12-14 13:25:04', 'Bent', 'Shayna');
insert into article (user_id, title, content, type, created_at, updated_at, created_by, updated_by) values ('hyoin', 'Sonair', 'Mauris enim leo, rhoncus sed, vestibulum sit amet, cursus id, turpis.', 'Orange', '2022-04-15 00:07:34', '2022-01-11 09:50:15', 'Helene', 'Estell');
insert into article (user_id, title, content, type, created_at, updated_at, created_by, updated_by) values ('hyoin', 'Span', 'In congue. Etiam justo.', 'Teal', '2022-06-16 04:34:20', '2022-08-01 01:15:27', 'Clari', 'Rip');
insert into article (user_id, title, content, type, created_at, updated_at, created_by, updated_by) values ('hyoin2', 'Namfix', 'Morbi ut odio.', 'Pink', '2022-02-14 20:36:30', '2022-10-16 04:25:41', 'Corina', 'Dill');
insert into article (user_id, title, content, type, created_at, updated_at, created_by, updated_by) values ('hyoin2', 'Redhold', 'Nam ultrices, libero non mattis pulvinar, nulla pede ullamcorper augue, a suscipit nulla elit ac nulla. Sed vel enim sit amet nunc viverra dapibus.', 'Purple', '2022-10-16 19:36:50', '2022-05-18 17:49:02', 'Desiree', 'Rasla');
insert into article (user_id, title, content, type, created_at, updated_at, created_by, updated_by) values ('hyoin2', 'Keylex', 'Phasellus sit amet erat. Nulla tempus.', 'Maroon', '2021-12-23 01:53:00', '2022-01-18 11:51:15', 'Berta', 'Ive');
insert into article (user_id, title, content, type, created_at, updated_at, created_by, updated_by) values ('hyoin2', 'Stim', 'Maecenas pulvinar lobortis est.', 'Orange', '2022-01-18 02:21:03', '2022-05-24 04:19:03', 'Kym', 'Cyndi');
insert into article (user_id, title, content, type, created_at, updated_at, created_by, updated_by) values ('hyoin2', 'Vagram', 'Proin interdum mauris non ligula pellentesque ultrices.', 'Purple', '2022-07-19 09:02:14', '2022-06-29 04:08:34', 'Dyane', 'Stirling');
insert into article (user_id, title, content, type, created_at, updated_at, created_by, updated_by) values ('hyoin', 'Daltfresh', 'Aenean sit amet justo. Morbi ut odio. Cras mi pede, malesuada in, imperdiet et, commodo vulputate, justo.', 'Green', '2022-08-21 09:03:05', '2021-12-22 17:05:44', 'Shalom', 'Abel');
insert into article (user_id, title, content, type, created_at, updated_at, created_by, updated_by) values ('hyoin2', 'Zoolab', 'Nulla justo.', 'Red', '2022-02-28 01:03:53', '2022-01-01 21:42:54', 'Onida', 'Faythe');
insert into article (user_id, title, content, type, created_at, updated_at, created_by, updated_by) values ('hyoin2', 'Zamit', 'Quisque ut erat. Curabitur gravida nisi at nibh.', 'Teal', '2022-01-23 04:24:34', '2022-09-16 17:09:06', 'Alvinia', 'Torrence');
insert into article (user_id, title, content, type, created_at, updated_at, created_by, updated_by) values ('hyoin', 'Job', 'Maecenas pulvinar lobortis est. Phasellus sit amet erat. Nulla tempus.', 'Khaki', '2022-06-15 14:57:06', '2022-09-05 15:28:26', 'Cesare', 'Hayley');
insert into article (user_id, title, content, type, created_at, updated_at, created_by, updated_by) values ('hyoin2', 'Keylex', 'Donec posuere metus vitae ipsum. Aliquam non mauris.', 'Khaki', '2022-10-12 00:08:14', '2022-08-31 16:27:25', 'Hernando', 'Lem');
insert into article (user_id, title, content, type, created_at, updated_at, created_by, updated_by) values ('hyoin2', 'Aerified', 'Pellentesque viverra pede ac diam. Cras pellentesque volutpat dui. Maecenas tristique, est et tempus semper, est quam pharetra magna, ac consequat metus sapien ut nunc.', 'Maroon', '2021-10-31 02:39:53', '2022-10-14 22:05:07', 'Kermie', 'Marris');
insert into article (user_id, title, content, type, created_at, updated_at, created_by, updated_by) values ('hyoin', 'Kanlam', 'Nulla nisl. Nunc nisl.', 'Fuscia', '2022-09-25 10:23:07', '2022-09-11 12:12:51', 'Marlo', 'Levi');
insert into article (user_id, title, content, type, created_at, updated_at, created_by, updated_by) values ('hyoin2', 'Opela', 'Lorem ipsum dolor sit amet, consectetuer adipiscing elit. Proin risus.', 'Goldenrod', '2022-01-21 00:44:03', '2022-04-24 06:36:24', 'Jennilee', 'Farand');
insert into article (user_id, title, content, type, created_at, updated_at, created_by, updated_by) values ('hyoin', 'Fix San', 'Donec diam neque, vestibulum eget, vulputate ut, ultrices vel, augue. Vestibulum ante ipsum primis in faucibus orci luctus et ultrices posuere cubilia Curae; Donec pharetra, magna vestibulum aliquet ultrices, erat tortor sollicitudin mi, sit amet lobortis sapien sapien non mi. Integer ac neque.', 'Violet', '2021-11-19 08:38:27', '2022-09-05 15:12:08', 'Zenia', 'Patsy');
insert into article (user_id, title, content, type, created_at, updated_at, created_by, updated_by) values ('hyoin2', 'Tres-Zap', 'Suspendisse ornare consequat lectus.', 'Teal', '2022-07-13 16:30:16', '2022-06-16 02:24:00', 'Shelba', 'Idette');

-- 200개의 댓글
insert into article_comment (article_id, user_id, content, created_at, updated_at, created_by, updated_by) values (69, 'hyoin2', 'Aenean lectus. Pellentesque eget nunc. Donec quis orci eget orci vehicula condimentum.', '2022-02-06 07:45:00', '2022-04-21 18:11:35', 'Josey', 'Jacquenetta');
insert into article_comment (article_id, user_id, content, created_at, updated_at, created_by, updated_by) values (1, 'hyoin2', 'Nulla tellus. In sagittis dui vel nisl. Duis ac nibh.', '2021-12-17 11:05:12', '2022-04-21 15:13:57', 'Darla', 'Shauna');
insert into article_comment (article_id, user_id, content, created_at, updated_at, created_by, updated_by) values (65, 'hyoin2', 'Integer tincidunt ante vel ipsum. Praesent blandit lacinia erat.', '2022-01-30 02:36:28', '2022-01-22 01:07:10', 'Ardis', 'Paquito');
insert into article_comment (article_id, user_id, content, created_at, updated_at, created_by, updated_by) values (89, 'hyoin2', 'Vivamus in felis eu sapien cursus vestibulum. Proin eu mi.', '2022-01-16 05:01:17', '2022-04-23 02:35:47', 'Jeana', 'Chrystal');
insert into article_comment (article_id, user_id, content, created_at, updated_at, created_by, updated_by) values (44, 'hyoin2', 'Praesent id massa id nisl venenatis lacinia.', '2022-02-16 03:34:46', '2022-09-02 12:05:52', 'Charis', 'Hynda');
insert into article_comment (article_id, user_id, content, created_at, updated_at, created_by, updated_by) values (88, 'hyoin', 'Suspendisse accumsan tortor quis turpis.', '2022-05-17 13:47:47', '2022-02-04 17:43:48', 'Jordanna', 'Keeley');
insert into article_comment (article_id, user_id, content, created_at, updated_at, created_by, updated_by) values (33, 'hyoin', 'Integer ac leo. Pellentesque ultrices mattis odio. Donec vitae nisi.', '2022-04-02 11:44:56', '2022-08-18 00:36:34', 'Link', 'Josey');
insert into article_comment (article_id, user_id, content, created_at, updated_at, created_by, updated_by) values (23, 'hyoin', 'Donec vitae nisi. Nam ultrices, libero non mattis pulvinar, nulla pede ullamcorper augue, a suscipit nulla elit ac nulla. Sed vel enim sit amet nunc viverra dapibus.', '2022-10-10 21:02:06', '2022-05-26 05:10:27', 'Katleen', 'Stafani');
insert into article_comment (article_id, user_id, content, created_at, updated_at, created_by, updated_by) values (34, 'hyoin', 'Proin leo odio, porttitor id, consequat in, consequat ut, nulla. Sed accumsan felis.', '2022-06-14 11:16:49', '2022-04-05 14:46:47', 'Erasmus', 'Flin');
insert into article_comment (article_id, user_id, content, created_at, updated_at, created_by, updated_by) values (4, 'hyoin2', 'Morbi sem mauris, laoreet ut, rhoncus aliquet, pulvinar sed, nisl. Nunc rhoncus dui vel sem. Sed sagittis.', '2022-09-27 00:10:28', '2022-04-25 19:26:04', 'Page', 'Melesa');
insert into article_comment (article_id, user_id, content, created_at, updated_at, created_by, updated_by) values (86, 'hyoin2', 'Cras pellentesque volutpat dui.', '2021-11-27 20:30:28', '2022-03-03 09:46:25', 'Maurine', 'Wait');
insert into article_comment (article_id, user_id, content, created_at, updated_at, created_by, updated_by) values (95, 'hyoin2', 'In est risus, auctor sed, tristique in, tempus sit amet, sem. Fusce consequat. Nulla nisl.', '2022-03-02 08:07:30', '2022-10-17 21:39:56', 'Olivette', 'Ed');
insert into article_comment (article_id, user_id, content, created_at, updated_at, created_by, updated_by) values (14, 'hyoin2', 'Donec posuere metus vitae ipsum. Aliquam non mauris. Morbi non lectus.', '2021-11-22 02:30:23', '2022-10-13 06:32:47', 'Connie', 'Julissa');
insert into article_comment (article_id, user_id, content, created_at, updated_at, created_by, updated_by) values (77, 'hyoin', 'Pellentesque eget nunc. Donec quis orci eget orci vehicula condimentum.', '2021-10-27 13:34:12', '2022-08-20 09:51:33', 'Frannie', 'Meryl');
insert into article_comment (article_id, user_id, content, created_at, updated_at, created_by, updated_by) values (72, 'hyoin', 'Morbi non lectus.', '2022-06-01 17:13:51', '2021-10-20 11:40:36', 'Fitz', 'Rodge');
insert into article_comment (article_id, user_id, content, created_at, updated_at, created_by, updated_by) values (27, 'hyoin2', 'Maecenas tincidunt lacus at velit. Vivamus vel nulla eget eros elementum pellentesque.', '2021-10-19 19:40:04', '2021-10-20 08:51:52', 'Immanuel', 'Perle');
insert into article_comment (article_id, user_id, content, created_at, updated_at, created_by, updated_by) values (23, 'hyoin2', 'Phasellus in felis. Donec semper sapien a libero. Nam dui.', '2021-12-14 10:26:09', '2022-03-02 14:26:45', 'Adamo', 'Tanney');
insert into article_comment (article_id, user_id, content, created_at, updated_at, created_by, updated_by) values (19, 'hyoin2', 'Sed ante.', '2022-10-08 06:24:06', '2022-10-08 17:04:27', 'Thorin', 'Janna');
insert into article_comment (article_id, user_id, content, created_at, updated_at, created_by, updated_by) values (93, 'hyoin2', 'Morbi sem mauris, laoreet ut, rhoncus aliquet, pulvinar sed, nisl.', '2022-06-23 14:52:55', '2022-09-03 23:03:38', 'Shae', 'Karrie');
insert into article_comment (article_id, user_id, content, created_at, updated_at, created_by, updated_by) values (22, 'hyoin2', 'Morbi sem mauris, laoreet ut, rhoncus aliquet, pulvinar sed, nisl.', '2022-03-22 16:55:56', '2022-08-29 23:27:25', 'Dimitri', 'Zedekiah');
insert into article_comment (article_id, user_id, content, created_at, updated_at, created_by, updated_by) values (91, 'hyoin2', 'Aenean sit amet justo.', '2022-01-08 16:39:21', '2021-10-21 05:05:56', 'Timotheus', 'Wang');
insert into article_comment (article_id, user_id, content, created_at, updated_at, created_by, updated_by) values (85, 'hyoin2', 'Suspendisse potenti. Cras in purus eu magna vulputate luctus.', '2021-10-25 07:45:42', '2022-02-24 23:14:13', 'Ileane', 'Antons');
insert into article_comment (article_id, user_id, content, created_at, updated_at, created_by, updated_by) values (15, 'hyoin2', 'Quisque erat eros, viverra eget, congue eget, semper rutrum, nulla. Nunc purus.', '2022-05-16 05:26:55', '2022-05-01 18:00:12', 'Rhona', 'Siana');
insert into article_comment (article_id, user_id, content, created_at, updated_at, created_by, updated_by) values (56, 'hyoin2', 'Donec diam neque, vestibulum eget, vulputate ut, ultrices vel, augue. Vestibulum ante ipsum primis in faucibus orci luctus et ultrices posuere cubilia Curae; Donec pharetra, magna vestibulum aliquet ultrices, erat tortor sollicitudin mi, sit amet lobortis sapien sapien non mi. Integer ac neque.', '2022-07-03 13:36:00', '2022-03-28 03:56:24', 'Vernon', 'Nikki');
insert into article_comment (article_id, user_id, content, created_at, updated_at, created_by, updated_by) values (75, 'hyoin2', 'Morbi vestibulum, velit id pretium iaculis, diam erat fermentum justo, nec condimentum neque sapien placerat ante. Nulla justo. Aliquam quis turpis eget elit sodales scelerisque.', '2022-03-22 02:43:45', '2022-10-18 12:06:22', 'Barbe', 'Beatrisa');
insert into article_comment (article_id, user_id, content, created_at, updated_at, created_by, updated_by) values (78, 'hyoin', 'Etiam faucibus cursus urna. Ut tellus. Nulla ut erat id mauris vulputate elementum.', '2022-09-01 12:02:35', '2022-06-12 13:45:48', 'Cassandra', 'Lamont');
insert into article_comment (article_id, user_id, content, created_at, updated_at, created_by, updated_by) values (57, 'hyoin', 'Integer a nibh. In quis justo.', '2022-02-06 00:29:25', '2022-02-07 07:26:38', 'Roldan', 'Cornelle');
insert into article_comment (article_id, user_id, content, created_at, updated_at, created_by, updated_by) values (32, 'hyoin', 'Maecenas tincidunt lacus at velit.', '2022-06-19 23:39:23', '2021-12-04 02:53:49', 'Baxter', 'Alice');
insert into article_comment (article_id, user_id, content, created_at, updated_at, created_by, updated_by) values (9, 'hyoin', 'Mauris lacinia sapien quis libero.', '2022-09-28 01:32:11', '2022-08-11 20:16:27', 'Dyana', 'Walliw');
insert into article_comment (article_id, user_id, content, created_at, updated_at, created_by, updated_by) values (52, 'hyoin', 'Donec dapibus. Duis at velit eu est congue elementum. In hac habitasse platea dictumst.', '2022-04-21 11:22:23', '2021-12-23 22:33:19', 'Audy', 'Siusan');
insert into article_comment (article_id, user_id, content, created_at, updated_at, created_by, updated_by) values (93, 'hyoin', 'Pellentesque eget nunc. Donec quis orci eget orci vehicula condimentum.', '2022-01-29 05:20:03', '2021-10-28 12:03:41', 'Amabel', 'Townsend');
insert into article_comment (article_id, user_id, content, created_at, updated_at, created_by, updated_by) values (18, 'hyoin', 'Nam tristique tortor eu pede.', '2021-11-11 08:11:23', '2022-04-08 22:13:25', 'Shirl', 'Anthiathia');
insert into article_comment (article_id, user_id, content, created_at, updated_at, created_by, updated_by) values (43, 'hyoin', 'In est risus, auctor sed, tristique in, tempus sit amet, sem. Fusce consequat.', '2021-12-15 08:24:24', '2022-03-04 17:31:58', 'Adelbert', 'Chaim');
insert into article_comment (article_id, user_id, content, created_at, updated_at, created_by, updated_by) values (27, 'hyoin', 'Nam ultrices, libero non mattis pulvinar, nulla pede ullamcorper augue, a suscipit nulla elit ac nulla.', '2022-02-18 04:29:04', '2022-02-17 08:24:44', 'Gifford', 'Lexie');
insert into article_comment (article_id, user_id, content, created_at, updated_at, created_by, updated_by) values (74, 'hyoin', 'Ut tellus.', '2022-08-15 04:20:46', '2022-04-01 02:32:50', 'Field', 'Feodora');
insert into article_comment (article_id, user_id, content, created_at, updated_at, created_by, updated_by) values (33, 'hyoin2', 'Nullam molestie nibh in lectus.', '2022-10-07 10:36:52', '2022-10-07 17:13:43', 'Lynnell', 'Hanny');
insert into article_comment (article_id, user_id, content, created_at, updated_at, created_by, updated_by) values (86, 'hyoin', 'Pellentesque at nulla.', '2022-02-05 04:22:33', '2021-11-13 04:56:21', 'Raeann', 'Cory');
insert into article_comment (article_id, user_id, content, created_at, updated_at, created_by, updated_by) values (80, 'hyoin', 'Nullam porttitor lacus at turpis. Donec posuere metus vitae ipsum. Aliquam non mauris.', '2022-03-13 04:18:22', '2022-10-04 23:58:12', 'Donal', 'Jerrie');
insert into article_comment (article_id, user_id, content, created_at, updated_at, created_by, updated_by) values (50, 'hyoin', 'Proin leo odio, porttitor id, consequat in, consequat ut, nulla. Sed accumsan felis. Ut at dolor quis odio consequat varius.', '2021-10-30 20:26:48', '2022-05-12 09:53:45', 'Jennette', 'Clara');
insert into article_comment (article_id, user_id, content, created_at, updated_at, created_by, updated_by) values (43, 'hyoin', 'Nam congue, risus semper porta volutpat, quam pede lobortis ligula, sit amet eleifend pede libero quis orci.', '2022-05-31 06:47:43', '2022-09-28 00:21:20', 'Rowen', 'Jsandye');
insert into article_comment (article_id, user_id, content, created_at, updated_at, created_by, updated_by) values (81, 'hyoin2', 'Praesent blandit.', '2021-12-25 22:45:47', '2021-12-07 17:00:32', 'Conrad', 'Ted');
insert into article_comment (article_id, user_id, content, created_at, updated_at, created_by, updated_by) values (71, 'hyoin2', 'Morbi non lectus. Aliquam sit amet diam in magna bibendum imperdiet.', '2022-06-12 17:47:35', '2021-11-16 11:32:28', 'Miller', 'Kat');
insert into article_comment (article_id, user_id, content, created_at, updated_at, created_by, updated_by) values (65, 'hyoin', 'Nulla tellus.', '2022-08-17 02:19:22', '2022-03-13 08:00:40', 'Barde', 'Nye');
insert into article_comment (article_id, user_id, content, created_at, updated_at, created_by, updated_by) values (31, 'hyoin2', 'Fusce congue, diam id ornare imperdiet, sapien urna pretium nisl, ut volutpat sapien arcu sed augue.', '2022-05-07 06:28:24', '2021-10-21 12:53:13', 'Artemis', 'Kory');
insert into article_comment (article_id, user_id, content, created_at, updated_at, created_by, updated_by) values (64, 'hyoin2', 'Aenean lectus. Pellentesque eget nunc. Donec quis orci eget orci vehicula condimentum.', '2022-04-13 14:21:47', '2022-09-16 22:04:42', 'Barbette', 'Donavon');
insert into article_comment (article_id, user_id, content, created_at, updated_at, created_by, updated_by) values (77, 'hyoin2', 'Duis consequat dui nec nisi volutpat eleifend. Donec ut dolor. Morbi vel lectus in quam fringilla rhoncus.', '2022-04-25 09:22:18', '2022-04-10 03:03:58', 'Berri', 'Ebenezer');
insert into article_comment (article_id, user_id, content, created_at, updated_at, created_by, updated_by) values (95, 'hyoin2', 'Sed sagittis. Nam congue, risus semper porta volutpat, quam pede lobortis ligula, sit amet eleifend pede libero quis orci. Nullam molestie nibh in lectus.', '2022-02-24 04:13:54', '2022-03-27 12:54:54', 'Sasha', 'Quinta');
insert into article_comment (article_id, user_id, content, created_at, updated_at, created_by, updated_by) values (17, 'hyoin2', 'Vestibulum ante ipsum primis in faucibus orci luctus et ultrices posuere cubilia Curae; Mauris viverra diam vitae quam.', '2022-02-10 11:32:24', '2022-10-09 13:57:12', 'Lothario', 'Hermina');
insert into article_comment (article_id, user_id, content, created_at, updated_at, created_by, updated_by) values (74, 'hyoin2', 'Praesent blandit.', '2022-09-04 15:24:34', '2022-07-11 22:08:42', 'Herbert', 'Sloane');
insert into article_comment (article_id, user_id, content, created_at, updated_at, created_by, updated_by) values (3, 'hyoin', 'Donec quis orci eget orci vehicula condimentum. Curabitur in libero ut massa volutpat convallis.', '2022-08-31 16:44:38', '2022-07-19 03:19:12', 'Hebert', 'Pincas');
insert into article_comment (article_id, user_id, content, created_at, updated_at, created_by, updated_by) values (57, 'hyoin2', 'Quisque erat eros, viverra eget, congue eget, semper rutrum, nulla. Nunc purus.', '2022-04-14 00:22:38', '2022-08-30 19:07:49', 'Sisile', 'Jecho');
insert into article_comment (article_id, user_id, content, created_at, updated_at, created_by, updated_by) values (36, 'hyoin', 'Lorem ipsum dolor sit amet, consectetuer adipiscing elit. Proin interdum mauris non ligula pellentesque ultrices. Phasellus id sapien in sapien iaculis congue.', '2022-06-27 23:36:36', '2022-04-04 23:49:54', 'Cher', 'Tandi');
insert into article_comment (article_id, user_id, content, created_at, updated_at, created_by, updated_by) values (57, 'hyoin2', 'Donec ut mauris eget massa tempor convallis.', '2022-03-12 14:32:44', '2022-09-27 16:07:56', 'Maybelle', 'Tine');
insert into article_comment (article_id, user_id, content, created_at, updated_at, created_by, updated_by) values (73, 'hyoin2', 'Nam ultrices, libero non mattis pulvinar, nulla pede ullamcorper augue, a suscipit nulla elit ac nulla. Sed vel enim sit amet nunc viverra dapibus.', '2022-08-27 18:53:39', '2022-01-27 05:58:23', 'Pall', 'Siegfried');
insert into article_comment (article_id, user_id, content, created_at, updated_at, created_by, updated_by) values (5, 'hyoin', 'Nulla tempus.', '2021-12-30 14:41:20', '2022-08-15 01:12:39', 'Jeannette', 'Marten');
insert into article_comment (article_id, user_id, content, created_at, updated_at, created_by, updated_by) values (28, 'hyoin', 'Nulla facilisi. Cras non velit nec nisi vulputate nonummy.', '2022-08-02 14:17:33', '2022-02-08 14:37:55', 'Carmencita', 'Bryanty');
insert into article_comment (article_id, user_id, content, created_at, updated_at, created_by, updated_by) values (3, 'hyoin', 'Integer ac leo.', '2022-05-01 18:52:36', '2022-01-08 13:06:01', 'Vite', 'Lorant');
insert into article_comment (article_id, user_id, content, created_at, updated_at, created_by, updated_by) values (17, 'hyoin', 'Cum sociis natoque penatibus et magnis dis parturient montes, nascetur ridiculus mus. Vivamus vestibulum sagittis sapien.', '2021-10-30 23:11:37', '2022-09-16 23:24:05', 'Jordan', 'Mariejeanne');
insert into article_comment (article_id, user_id, content, created_at, updated_at, created_by, updated_by) values (30, 'hyoin2', 'Mauris ullamcorper purus sit amet nulla.', '2021-11-15 20:59:22', '2022-07-31 05:02:59', 'Raeann', 'Allin');
insert into article_comment (article_id, user_id, content, created_at, updated_at, created_by, updated_by) values (91, 'hyoin2', 'Mauris ullamcorper purus sit amet nulla.', '2022-07-29 15:40:38', '2022-02-16 01:22:31', 'Ardisj', 'Wolfie');
insert into article_comment (article_id, user_id, content, created_at, updated_at, created_by, updated_by) values (19, 'hyoin', 'Cras mi pede, malesuada in, imperdiet et, commodo vulputate, justo. In blandit ultrices enim. Lorem ipsum dolor sit amet, consectetuer adipiscing elit.', '2022-03-24 15:46:53', '2022-09-14 08:52:02', 'Grissel', 'Merci');
insert into article_comment (article_id, user_id, content, created_at, updated_at, created_by, updated_by) values (66, 'hyoin', 'Duis mattis egestas metus.', '2021-11-25 19:17:48', '2021-12-23 03:41:50', 'Robbi', 'Davine');
insert into article_comment (article_id, user_id, content, created_at, updated_at, created_by, updated_by) values (9, 'hyoin', 'Aliquam erat volutpat. In congue. Etiam justo.', '2022-08-15 05:52:31', '2022-01-14 20:55:21', 'Marylee', 'Devan');
insert into article_comment (article_id, user_id, content, created_at, updated_at, created_by, updated_by) values (97, 'hyoin2', 'Donec quis orci eget orci vehicula condimentum. Curabitur in libero ut massa volutpat convallis.', '2021-10-30 14:56:31', '2022-03-02 04:37:04', 'Jesselyn', 'Dotti');
insert into article_comment (article_id, user_id, content, created_at, updated_at, created_by, updated_by) values (55, 'hyoin2', 'Donec ut mauris eget massa tempor convallis. Nulla neque libero, convallis eget, eleifend luctus, ultricies eu, nibh.', '2021-12-21 09:35:36', '2022-01-10 21:55:41', 'Merell', 'Alric');
insert into article_comment (article_id, user_id, content, created_at, updated_at, created_by, updated_by) values (27, 'hyoin2', 'Nulla facilisi.', '2022-05-20 11:17:39', '2022-04-30 17:02:38', 'Constancy', 'Lotta');
insert into article_comment (article_id, user_id, content, created_at, updated_at, created_by, updated_by) values (88, 'hyoin', 'Curabitur gravida nisi at nibh. In hac habitasse platea dictumst.', '2022-06-25 11:20:54', '2022-01-03 16:19:11', 'Royall', 'Roxanne');
insert into article_comment (article_id, user_id, content, created_at, updated_at, created_by, updated_by) values (92, 'hyoin', 'Morbi porttitor lorem id ligula. Suspendisse ornare consequat lectus. In est risus, auctor sed, tristique in, tempus sit amet, sem.', '2022-03-02 09:02:35', '2022-01-03 03:32:58', 'Cayla', 'Norby');
insert into article_comment (article_id, user_id, content, created_at, updated_at, created_by, updated_by) values (100, 'hyoin', 'Praesent lectus. Vestibulum quam sapien, varius ut, blandit non, interdum in, ante. Vestibulum ante ipsum primis in faucibus orci luctus et ultrices posuere cubilia Curae; Duis faucibus accumsan odio.', '2022-02-05 21:13:33', '2022-05-19 13:17:48', 'Sheelah', 'Malissia');
insert into article_comment (article_id, user_id, content, created_at, updated_at, created_by, updated_by) values (6, 'hyoin', 'Curabitur convallis. Duis consequat dui nec nisi volutpat eleifend.', '2022-04-11 15:10:30', '2022-02-07 19:02:14', 'Tedra', 'Aron');
insert into article_comment (article_id, user_id, content, created_at, updated_at, created_by, updated_by) values (28, 'hyoin', 'Curabitur convallis.', '2022-02-19 14:01:51', '2022-06-02 20:55:52', 'Harriott', 'Deane');
insert into article_comment (article_id, user_id, content, created_at, updated_at, created_by, updated_by) values (79, 'hyoin2', 'Nulla facilisi. Cras non velit nec nisi vulputate nonummy. Maecenas tincidunt lacus at velit.', '2022-10-07 04:17:05', '2022-04-13 01:44:35', 'Gabby', 'Tamma');
insert into article_comment (article_id, user_id, content, created_at, updated_at, created_by, updated_by) values (6, 'hyoin', 'Nam dui. Proin leo odio, porttitor id, consequat in, consequat ut, nulla.', '2022-09-08 22:48:34', '2021-12-20 19:29:38', 'Lynnette', 'Jacquenetta');
insert into article_comment (article_id, user_id, content, created_at, updated_at, created_by, updated_by) values (53, 'hyoin2', 'Lorem ipsum dolor sit amet, consectetuer adipiscing elit.', '2021-11-07 18:46:27', '2021-11-02 00:47:15', 'Wilbur', 'Olivie');
insert into article_comment (article_id, user_id, content, created_at, updated_at, created_by, updated_by) values (6, 'hyoin', 'Duis aliquam convallis nunc.', '2022-04-03 20:59:49', '2022-09-28 09:38:05', 'Franchot', 'Nettie');
insert into article_comment (article_id, user_id, content, created_at, updated_at, created_by, updated_by) values (33, 'hyoin', 'Vestibulum sed magna at nunc commodo placerat.', '2021-12-19 12:23:57', '2022-06-18 17:41:26', 'Tye', 'Roddie');
insert into article_comment (article_id, user_id, content, created_at, updated_at, created_by, updated_by) values (60, 'hyoin', 'Vivamus in felis eu sapien cursus vestibulum. Proin eu mi. Nulla ac enim.', '2022-01-02 12:23:28', '2022-07-06 06:06:05', 'Margareta', 'Valli');
insert into article_comment (article_id, user_id, content, created_at, updated_at, created_by, updated_by) values (48, 'hyoin2', 'Maecenas ut massa quis augue luctus tincidunt. Nulla mollis molestie lorem.', '2022-09-14 03:01:45', '2022-05-21 00:57:14', 'Hersh', 'Meredith');
insert into article_comment (article_id, user_id, content, created_at, updated_at, created_by, updated_by) values (42, 'hyoin', 'Aliquam sit amet diam in magna bibendum imperdiet.', '2021-10-25 10:16:18', '2022-04-04 03:57:13', 'Orbadiah', 'Sal');
insert into article_comment (article_id, user_id, content, created_at, updated_at, created_by, updated_by) values (18, 'hyoin2', 'Integer pede justo, lacinia eget, tincidunt eget, tempus vel, pede. Morbi porttitor lorem id ligula. Suspendisse ornare consequat lectus.', '2022-10-12 00:06:00', '2022-04-08 10:13:07', 'Bertina', 'Suzette');
insert into article_comment (article_id, user_id, content, created_at, updated_at, created_by, updated_by) values (43, 'hyoin', 'Morbi non lectus. Aliquam sit amet diam in magna bibendum imperdiet. Nullam orci pede, venenatis non, sodales sed, tincidunt eu, felis.', '2022-09-24 17:28:44', '2022-08-31 00:59:06', 'Dione', 'Manon');
insert into article_comment (article_id, user_id, content, created_at, updated_at, created_by, updated_by) values (73, 'hyoin2', 'Maecenas tristique, est et tempus semper, est quam pharetra magna, ac consequat metus sapien ut nunc. Vestibulum ante ipsum primis in faucibus orci luctus et ultrices posuere cubilia Curae; Mauris viverra diam vitae quam.', '2022-05-12 09:12:35', '2022-02-22 02:05:40', 'Connie', 'Alden');
insert into article_comment (article_id, user_id, content, created_at, updated_at, created_by, updated_by) values (5, 'hyoin', 'Nam tristique tortor eu pede.', '2022-05-09 13:28:29', '2022-04-01 01:47:05', 'Lisetta', 'Jessa');
insert into article_comment (article_id, user_id, content, created_at, updated_at, created_by, updated_by) values (30, 'hyoin2', 'Quisque arcu libero, rutrum ac, lobortis vel, dapibus at, diam.', '2022-06-01 08:09:12', '2022-03-08 09:02:42', 'Malanie', 'Phylis');
insert into article_comment (article_id, user_id, content, created_at, updated_at, created_by, updated_by) values (99, 'hyoin2', 'Phasellus in felis. Donec semper sapien a libero. Nam dui.', '2021-10-24 23:30:14', '2022-09-30 01:24:58', 'Natale', 'Bary');
insert into article_comment (article_id, user_id, content, created_at, updated_at, created_by, updated_by) values (5, 'hyoin', 'Proin at turpis a pede posuere nonummy. Integer non velit. Donec diam neque, vestibulum eget, vulputate ut, ultrices vel, augue.', '2021-11-28 12:44:28', '2022-05-30 16:24:46', 'Raynell', 'Charmian');
insert into article_comment (article_id, user_id, content, created_at, updated_at, created_by, updated_by) values (21, 'hyoin2', 'Phasellus id sapien in sapien iaculis congue. Vivamus metus arcu, adipiscing molestie, hendrerit at, vulputate vitae, nisl. Aenean lectus.', '2022-02-19 12:03:30', '2022-04-25 23:39:46', 'Kellsie', 'Travus');
insert into article_comment (article_id, user_id, content, created_at, updated_at, created_by, updated_by) values (45, 'hyoin2', 'Duis bibendum. Morbi non quam nec dui luctus rutrum. Nulla tellus.', '2022-01-30 07:51:44', '2022-10-16 06:31:20', 'Adolpho', 'Angelique');
insert into article_comment (article_id, user_id, content, created_at, updated_at, created_by, updated_by) values (35, 'hyoin', 'Mauris ullamcorper purus sit amet nulla.', '2022-01-16 18:16:24', '2021-12-26 10:00:50', 'Lorne', 'Jorie');
insert into article_comment (article_id, user_id, content, created_at, updated_at, created_by, updated_by) values (23, 'hyoin2', 'In blandit ultrices enim.', '2021-11-09 17:44:26', '2022-04-09 21:28:27', 'Waverly', 'Alexio');
insert into article_comment (article_id, user_id, content, created_at, updated_at, created_by, updated_by) values (16, 'hyoin2', 'Suspendisse potenti.', '2022-04-04 05:45:40', '2022-07-31 06:34:07', 'Liesa', 'Penelope');
insert into article_comment (article_id, user_id, content, created_at, updated_at, created_by, updated_by) values (47, 'hyoin', 'Sed sagittis. Nam congue, risus semper porta volutpat, quam pede lobortis ligula, sit amet eleifend pede libero quis orci. Nullam molestie nibh in lectus.', '2021-12-29 10:23:44', '2022-09-30 20:38:00', 'Zandra', 'Stewart');
insert into article_comment (article_id, user_id, content, created_at, updated_at, created_by, updated_by) values (67, 'hyoin2', 'Integer ac leo. Pellentesque ultrices mattis odio. Donec vitae nisi.', '2022-08-11 20:55:34', '2022-07-04 05:18:48', 'Cris', 'Minerva');
insert into article_comment (article_id, user_id, content, created_at, updated_at, created_by, updated_by) values (76, 'hyoin2', 'Donec posuere metus vitae ipsum. Aliquam non mauris.', '2022-04-07 16:15:24', '2022-05-01 05:51:35', 'Klarika', 'Lindie');
insert into article_comment (article_id, user_id, content, created_at, updated_at, created_by, updated_by) values (23, 'hyoin2', 'Morbi vestibulum, velit id pretium iaculis, diam erat fermentum justo, nec condimentum neque sapien placerat ante. Nulla justo. Aliquam quis turpis eget elit sodales scelerisque.', '2022-04-01 17:51:51', '2022-02-08 21:26:47', 'Clarence', 'Alie');
insert into article_comment (article_id, user_id, content, created_at, updated_at, created_by, updated_by) values (7, 'hyoin', 'Praesent blandit. Nam nulla.', '2022-05-08 14:57:07', '2022-05-01 10:43:25', 'Abbey', 'Berri');
insert into article_comment (article_id, user_id, content, created_at, updated_at, created_by, updated_by) values (72, 'hyoin', 'Nulla suscipit ligula in lacus. Curabitur at ipsum ac tellus semper interdum. Mauris ullamcorper purus sit amet nulla.', '2022-09-09 14:20:58', '2022-05-12 02:06:38', 'Michal', 'Obed');
insert into article_comment (article_id, user_id, content, created_at, updated_at, created_by, updated_by) values (45, 'hyoin', 'Vivamus vel nulla eget eros elementum pellentesque. Quisque porta volutpat erat. Quisque erat eros, viverra eget, congue eget, semper rutrum, nulla.', '2022-03-03 17:34:46', '2022-10-03 02:05:01', 'Dorisa', 'Bengt');
insert into article_comment (article_id, user_id, content, created_at, updated_at, created_by, updated_by) values (43, 'hyoin', 'In congue. Etiam justo.', '2022-06-19 09:50:02', '2022-06-21 09:39:03', 'Brandy', 'Dani');
insert into article_comment (article_id, user_id, content, created_at, updated_at, created_by, updated_by) values (51, 'hyoin', 'Vivamus tortor. Duis mattis egestas metus.', '2022-07-08 05:03:44', '2022-09-27 13:32:54', 'Abra', 'Zackariah');
insert into article_comment (article_id, user_id, content, created_at, updated_at, created_by, updated_by) values (80, 'hyoin2', 'Donec vitae nisi. Nam ultrices, libero non mattis pulvinar, nulla pede ullamcorper augue, a suscipit nulla elit ac nulla. Sed vel enim sit amet nunc viverra dapibus.', '2021-12-21 20:05:21', '2021-10-20 12:33:39', 'Trix', 'Gusella');
insert into article_comment (article_id, user_id, content, created_at, updated_at, created_by, updated_by) values (14, 'hyoin2', 'Integer ac neque. Duis bibendum.', '2022-03-05 09:52:18', '2022-02-14 19:24:36', 'Haleigh', 'Kaja');
insert into article_comment (article_id, user_id, content, created_at, updated_at, created_by, updated_by) values (66, 'hyoin', 'Aliquam quis turpis eget elit sodales scelerisque. Mauris sit amet eros. Suspendisse accumsan tortor quis turpis.', '2022-03-16 21:59:31', '2022-09-14 08:25:44', 'Marjie', 'Tucker');
insert into article_comment (article_id, user_id, content, created_at, updated_at, created_by, updated_by) values (11, 'hyoin2', 'Phasellus id sapien in sapien iaculis congue. Vivamus metus arcu, adipiscing molestie, hendrerit at, vulputate vitae, nisl. Aenean lectus.', '2022-10-02 09:06:31', '2022-01-09 02:13:00', 'Dyana', 'Gizela');
insert into article_comment (article_id, user_id, content, created_at, updated_at, created_by, updated_by) values (24, 'hyoin', 'Maecenas tincidunt lacus at velit. Vivamus vel nulla eget eros elementum pellentesque.', '2022-06-29 23:10:42', '2021-12-09 05:23:26', 'Lina', 'Wendall');
insert into article_comment (article_id, user_id, content, created_at, updated_at, created_by, updated_by) values (65, 'hyoin2', 'Nulla nisl. Nunc nisl.', '2022-07-30 08:24:23', '2022-09-16 17:34:44', 'Nydia', 'Xena');
insert into article_comment (article_id, user_id, content, created_at, updated_at, created_by, updated_by) values (33, 'hyoin2', 'Aliquam sit amet diam in magna bibendum imperdiet. Nullam orci pede, venenatis non, sodales sed, tincidunt eu, felis.', '2022-09-25 10:56:08', '2022-08-12 21:55:46', 'Elisabetta', 'Rona');
insert into article_comment (article_id, user_id, content, created_at, updated_at, created_by, updated_by) values (52, 'hyoin', 'Aliquam sit amet diam in magna bibendum imperdiet. Nullam orci pede, venenatis non, sodales sed, tincidunt eu, felis. Fusce posuere felis sed lacus.', '2022-02-27 03:56:31', '2022-02-05 12:44:35', 'Vale', 'Noby');
insert into article_comment (article_id, user_id, content, created_at, updated_at, created_by, updated_by) values (88, 'hyoin', 'Vestibulum quam sapien, varius ut, blandit non, interdum in, ante. Vestibulum ante ipsum primis in faucibus orci luctus et ultrices posuere cubilia Curae; Duis faucibus accumsan odio.', '2021-12-22 15:30:52', '2022-09-14 21:29:55', 'Anna-maria', 'Blondell');
insert into article_comment (article_id, user_id, content, created_at, updated_at, created_by, updated_by) values (62, 'hyoin', 'Cras non velit nec nisi vulputate nonummy. Maecenas tincidunt lacus at velit. Vivamus vel nulla eget eros elementum pellentesque.', '2022-10-13 18:25:22', '2022-03-11 20:23:18', 'Hermann', 'Jerrold');
insert into article_comment (article_id, user_id, content, created_at, updated_at, created_by, updated_by) values (62, 'hyoin', 'Pellentesque ultrices mattis odio.', '2022-05-30 22:52:01', '2022-09-12 07:11:04', 'Kort', 'Tobi');
insert into article_comment (article_id, user_id, content, created_at, updated_at, created_by, updated_by) values (31, 'hyoin2', 'Donec odio justo, sollicitudin ut, suscipit a, feugiat et, eros.', '2022-08-11 12:03:12', '2022-09-12 23:20:05', 'Georgetta', 'Clim');
insert into article_comment (article_id, user_id, content, created_at, updated_at, created_by, updated_by) values (1, 'hyoin', 'Vestibulum ante ipsum primis in faucibus orci luctus et ultrices posuere cubilia Curae; Nulla dapibus dolor vel est. Donec odio justo, sollicitudin ut, suscipit a, feugiat et, eros. Vestibulum ac est lacinia nisi venenatis tristique.', '2022-03-27 17:42:52', '2022-08-11 19:42:31', 'Hagan', 'Staci');
insert into article_comment (article_id, user_id, content, created_at, updated_at, created_by, updated_by) values (44, 'hyoin', 'Maecenas tristique, est et tempus semper, est quam pharetra magna, ac consequat metus sapien ut nunc. Vestibulum ante ipsum primis in faucibus orci luctus et ultrices posuere cubilia Curae; Mauris viverra diam vitae quam.', '2022-10-13 10:25:42', '2022-06-10 14:03:28', 'Olia', 'Lucila');
insert into article_comment (article_id, user_id, content, created_at, updated_at, created_by, updated_by) values (13, 'hyoin', 'Duis aliquam convallis nunc.', '2022-04-22 20:42:32', '2022-06-24 12:55:25', 'Odie', 'Ardella');
insert into article_comment (article_id, user_id, content, created_at, updated_at, created_by, updated_by) values (2, 'hyoin', 'Praesent id massa id nisl venenatis lacinia.', '2022-01-20 18:02:14', '2022-08-01 22:13:31', 'Percy', 'Reinhold');
insert into article_comment (article_id, user_id, content, created_at, updated_at, created_by, updated_by) values (17, 'hyoin', 'Fusce posuere felis sed lacus. Morbi sem mauris, laoreet ut, rhoncus aliquet, pulvinar sed, nisl.', '2022-03-12 16:43:24', '2022-02-13 01:39:41', 'Marcela', 'Abigail');
insert into article_comment (article_id, user_id, content, created_at, updated_at, created_by, updated_by) values (51, 'hyoin', 'Cras in purus eu magna vulputate luctus. Cum sociis natoque penatibus et magnis dis parturient montes, nascetur ridiculus mus.', '2022-06-27 00:51:57', '2022-08-14 20:52:55', 'Vinny', 'Redd');
insert into article_comment (article_id, user_id, content, created_at, updated_at, created_by, updated_by) values (35, 'hyoin2', 'Vivamus in felis eu sapien cursus vestibulum. Proin eu mi. Nulla ac enim.', '2022-03-20 19:02:44', '2022-01-11 16:28:45', 'Nyssa', 'Rosalinde');
insert into article_comment (article_id, user_id, content, created_at, updated_at, created_by, updated_by) values (74, 'hyoin', 'Sed ante. Vivamus tortor. Duis mattis egestas metus.', '2021-11-01 17:21:14', '2021-12-11 17:45:56', 'Lesley', 'Brear');
insert into article_comment (article_id, user_id, content, created_at, updated_at, created_by, updated_by) values (70, 'hyoin', 'Vivamus in felis eu sapien cursus vestibulum. Proin eu mi.', '2022-02-19 19:24:49', '2022-04-05 00:22:01', 'Annalise', 'Vincenty');
insert into article_comment (article_id, user_id, content, created_at, updated_at, created_by, updated_by) values (2, 'hyoin', 'Nullam molestie nibh in lectus.', '2021-12-07 17:57:29', '2021-12-27 08:21:06', 'Ulrike', 'Bellanca');
insert into article_comment (article_id, user_id, content, created_at, updated_at, created_by, updated_by) values (50, 'hyoin', 'Duis mattis egestas metus. Aenean fermentum. Donec ut mauris eget massa tempor convallis.', '2022-10-03 05:03:24', '2022-10-01 09:50:44', 'Riley', 'Hally');
insert into article_comment (article_id, user_id, content, created_at, updated_at, created_by, updated_by) values (61, 'hyoin2', 'Sed sagittis. Nam congue, risus semper porta volutpat, quam pede lobortis ligula, sit amet eleifend pede libero quis orci.', '2022-05-02 21:06:59', '2022-03-12 03:48:59', 'Phedra', 'Chloette');
insert into article_comment (article_id, user_id, content, created_at, updated_at, created_by, updated_by) values (29, 'hyoin', 'Donec diam neque, vestibulum eget, vulputate ut, ultrices vel, augue. Vestibulum ante ipsum primis in faucibus orci luctus et ultrices posuere cubilia Curae; Donec pharetra, magna vestibulum aliquet ultrices, erat tortor sollicitudin mi, sit amet lobortis sapien sapien non mi. Integer ac neque.', '2022-05-11 09:25:24', '2022-07-04 14:35:31', 'Lacie', 'Velma');
insert into article_comment (article_id, user_id, content, created_at, updated_at, created_by, updated_by) values (83, 'hyoin2', 'Nulla neque libero, convallis eget, eleifend luctus, ultricies eu, nibh. Quisque id justo sit amet sapien dignissim vestibulum.', '2022-10-03 19:26:21', '2022-10-07 19:04:26', 'Nissy', 'Ron');
insert into article_comment (article_id, user_id, content, created_at, updated_at, created_by, updated_by) values (19, 'hyoin2', 'Nam ultrices, libero non mattis pulvinar, nulla pede ullamcorper augue, a suscipit nulla elit ac nulla.', '2022-08-11 14:09:16', '2022-07-14 09:14:21', 'Iolande', 'Ulla');
insert into article_comment (article_id, user_id, content, created_at, updated_at, created_by, updated_by) values (48, 'hyoin2', 'Ut at dolor quis odio consequat varius. Integer ac leo. Pellentesque ultrices mattis odio.', '2021-11-08 12:51:32', '2022-01-25 02:33:43', 'Reynold', 'Elfreda');
insert into article_comment (article_id, user_id, content, created_at, updated_at, created_by, updated_by) values (68, 'hyoin2', 'Aliquam erat volutpat. In congue. Etiam justo.', '2022-04-22 01:11:12', '2022-03-01 22:33:31', 'Zuzana', 'Christalle');
insert into article_comment (article_id, user_id, content, created_at, updated_at, created_by, updated_by) values (69, 'hyoin2', 'Vestibulum ac est lacinia nisi venenatis tristique.', '2022-10-11 03:59:11', '2022-04-07 06:54:34', 'Rhonda', 'Almeria');
insert into article_comment (article_id, user_id, content, created_at, updated_at, created_by, updated_by) values (90, 'hyoin', 'Praesent lectus. Vestibulum quam sapien, varius ut, blandit non, interdum in, ante.', '2022-06-22 14:33:01', '2022-09-17 02:23:06', 'Goldina', 'Goldarina');
insert into article_comment (article_id, user_id, content, created_at, updated_at, created_by, updated_by) values (81, 'hyoin', 'Praesent id massa id nisl venenatis lacinia.', '2022-10-02 19:22:13', '2022-05-12 23:21:58', 'Dominique', 'Randall');
insert into article_comment (article_id, user_id, content, created_at, updated_at, created_by, updated_by) values (82, 'hyoin', 'Morbi ut odio. Cras mi pede, malesuada in, imperdiet et, commodo vulputate, justo.', '2022-10-12 11:33:49', '2022-08-13 02:05:55', 'Eve', 'Annadiane');
insert into article_comment (article_id, user_id, content, created_at, updated_at, created_by, updated_by) values (94, 'hyoin', 'In quis justo. Maecenas rhoncus aliquam lacus.', '2022-03-05 22:35:49', '2022-06-13 10:23:36', 'Ulberto', 'Henryetta');
insert into article_comment (article_id, user_id, content, created_at, updated_at, created_by, updated_by) values (7, 'hyoin', 'Ut tellus. Nulla ut erat id mauris vulputate elementum.', '2021-12-30 03:53:38', '2022-08-01 06:38:18', 'Inigo', 'Babbie');
insert into article_comment (article_id, user_id, content, created_at, updated_at, created_by, updated_by) values (67, 'hyoin', 'Sed vel enim sit amet nunc viverra dapibus.', '2021-12-21 15:45:28', '2022-01-21 05:34:15', 'Carrie', 'Willard');
insert into article_comment (article_id, user_id, content, created_at, updated_at, created_by, updated_by) values (94, 'hyoin2', 'Quisque erat eros, viverra eget, congue eget, semper rutrum, nulla. Nunc purus.', '2022-02-23 16:24:11', '2021-11-27 17:36:27', 'Elsbeth', 'Rich');
insert into article_comment (article_id, user_id, content, created_at, updated_at, created_by, updated_by) values (63, 'hyoin2', 'Aenean lectus. Pellentesque eget nunc.', '2022-02-17 12:26:46', '2022-02-23 11:12:54', 'Winnifred', 'Bliss');
insert into article_comment (article_id, user_id, content, created_at, updated_at, created_by, updated_by) values (49, 'hyoin2', 'Ut at dolor quis odio consequat varius. Integer ac leo.', '2022-02-18 12:01:12', '2022-06-26 05:54:54', 'Dreddy', 'Zebadiah');
insert into article_comment (article_id, user_id, content, created_at, updated_at, created_by, updated_by) values (97, 'hyoin', 'Mauris enim leo, rhoncus sed, vestibulum sit amet, cursus id, turpis. Integer aliquet, massa id lobortis convallis, tortor risus dapibus augue, vel accumsan tellus nisi eu orci.', '2022-09-03 20:07:01', '2021-11-30 06:00:37', 'Fidelity', 'Ruttger');
insert into article_comment (article_id, user_id, content, created_at, updated_at, created_by, updated_by) values (21, 'hyoin2', 'Sed ante. Vivamus tortor.', '2022-08-15 19:36:58', '2021-12-16 15:02:43', 'Wendi', 'Gorden');
insert into article_comment (article_id, user_id, content, created_at, updated_at, created_by, updated_by) values (25, 'hyoin2', 'Donec posuere metus vitae ipsum. Aliquam non mauris.', '2022-01-28 08:36:22', '2022-01-25 12:43:57', 'Hamid', 'Forester');
insert into article_comment (article_id, user_id, content, created_at, updated_at, created_by, updated_by) values (51, 'hyoin', 'Morbi porttitor lorem id ligula.', '2022-08-12 02:42:05', '2022-09-22 13:38:10', 'Denney', 'Nico');
insert into article_comment (article_id, user_id, content, created_at, updated_at, created_by, updated_by) values (83, 'hyoin2', 'In hac habitasse platea dictumst. Maecenas ut massa quis augue luctus tincidunt. Nulla mollis molestie lorem.', '2022-07-14 04:22:12', '2021-12-17 07:06:55', 'Falito', 'Joy');
insert into article_comment (article_id, user_id, content, created_at, updated_at, created_by, updated_by) values (80, 'hyoin2', 'Suspendisse ornare consequat lectus. In est risus, auctor sed, tristique in, tempus sit amet, sem. Fusce consequat.', '2022-05-01 06:42:23', '2022-01-19 10:33:46', 'Alysia', 'Dulcy');
insert into article_comment (article_id, user_id, content, created_at, updated_at, created_by, updated_by) values (2, 'hyoin', 'Nam nulla. Integer pede justo, lacinia eget, tincidunt eget, tempus vel, pede. Morbi porttitor lorem id ligula.', '2021-11-19 01:09:59', '2022-05-31 13:46:53', 'Manon', 'Elden');
insert into article_comment (article_id, user_id, content, created_at, updated_at, created_by, updated_by) values (69, 'hyoin2', 'Aliquam sit amet diam in magna bibendum imperdiet. Nullam orci pede, venenatis non, sodales sed, tincidunt eu, felis.', '2022-06-17 22:30:11', '2021-12-01 05:50:11', 'Therine', 'Bowie');
insert into article_comment (article_id, user_id, content, created_at, updated_at, created_by, updated_by) values (3, 'hyoin', 'Vestibulum ante ipsum primis in faucibus orci luctus et ultrices posuere cubilia Curae; Donec pharetra, magna vestibulum aliquet ultrices, erat tortor sollicitudin mi, sit amet lobortis sapien sapien non mi. Integer ac neque. Duis bibendum.', '2022-09-14 22:28:42', '2022-09-27 04:55:34', 'Irma', 'Megen');
insert into article_comment (article_id, user_id, content, created_at, updated_at, created_by, updated_by) values (75, 'hyoin2', 'Vestibulum ante ipsum primis in faucibus orci luctus et ultrices posuere cubilia Curae; Nulla dapibus dolor vel est. Donec odio justo, sollicitudin ut, suscipit a, feugiat et, eros. Vestibulum ac est lacinia nisi venenatis tristique.', '2022-02-27 01:30:24', '2022-04-27 17:37:11', 'Carmen', 'Leonerd');
insert into article_comment (article_id, user_id, content, created_at, updated_at, created_by, updated_by) values (65, 'hyoin2', 'Suspendisse potenti. Cras in purus eu magna vulputate luctus.', '2022-05-30 03:10:39', '2022-06-20 15:31:23', 'Berget', 'Dorry');
insert into article_comment (article_id, user_id, content, created_at, updated_at, created_by, updated_by) values (79, 'hyoin2', 'Duis aliquam convallis nunc.', '2022-05-20 23:59:49', '2021-11-16 03:39:50', 'Sasha', 'Abran');
insert into article_comment (article_id, user_id, content, created_at, updated_at, created_by, updated_by) values (52, 'hyoin', 'Nulla mollis molestie lorem.', '2022-07-02 04:07:45', '2022-09-10 21:08:12', 'Thomasine', 'Darda');
insert into article_comment (article_id, user_id, content, created_at, updated_at, created_by, updated_by) values (3, 'hyoin', 'Fusce lacus purus, aliquet at, feugiat non, pretium quis, lectus.', '2022-04-10 15:24:51', '2022-09-01 14:49:01', 'Corbin', 'Horst');
insert into article_comment (article_id, user_id, content, created_at, updated_at, created_by, updated_by) values (8, 'hyoin2', 'Vestibulum quam sapien, varius ut, blandit non, interdum in, ante. Vestibulum ante ipsum primis in faucibus orci luctus et ultrices posuere cubilia Curae; Duis faucibus accumsan odio.', '2022-08-05 15:04:25', '2022-04-03 19:28:12', 'Chick', 'Shepperd');
insert into article_comment (article_id, user_id, content, created_at, updated_at, created_by, updated_by) values (13, 'hyoin', 'Maecenas rhoncus aliquam lacus. Morbi quis tortor id nulla ultrices aliquet.', '2021-11-18 04:34:28', '2022-01-28 16:34:11', 'Derry', 'Corny');
insert into article_comment (article_id, user_id, content, created_at, updated_at, created_by, updated_by) values (71, 'hyoin2', 'Donec semper sapien a libero. Nam dui. Proin leo odio, porttitor id, consequat in, consequat ut, nulla.', '2022-06-05 06:11:29', '2022-07-21 12:36:06', 'Courtnay', 'Heinrick');
insert into article_comment (article_id, user_id, content, created_at, updated_at, created_by, updated_by) values (31, 'hyoin', 'Donec ut mauris eget massa tempor convallis.', '2022-08-22 10:31:31', '2022-05-26 09:56:29', 'Nell', 'Stanleigh');
insert into article_comment (article_id, user_id, content, created_at, updated_at, created_by, updated_by) values (37, 'hyoin', 'Praesent id massa id nisl venenatis lacinia. Aenean sit amet justo.', '2022-07-04 09:58:35', '2022-05-10 10:59:40', 'Ida', 'Dilly');
insert into article_comment (article_id, user_id, content, created_at, updated_at, created_by, updated_by) values (5, 'hyoin', 'Nulla mollis molestie lorem. Quisque ut erat. Curabitur gravida nisi at nibh.', '2022-08-29 11:10:30', '2022-07-06 13:51:20', 'Bebe', 'Gates');
insert into article_comment (article_id, user_id, content, created_at, updated_at, created_by, updated_by) values (11, 'hyoin', 'Etiam vel augue. Vestibulum rutrum rutrum neque.', '2022-09-07 04:31:26', '2021-12-02 02:43:47', 'Reed', 'Maryrose');
insert into article_comment (article_id, user_id, content, created_at, updated_at, created_by, updated_by) values (45, 'hyoin2', 'Vivamus vel nulla eget eros elementum pellentesque. Quisque porta volutpat erat.', '2022-04-14 16:16:22', '2022-04-26 20:58:59', 'Gordan', 'Cari');
insert into article_comment (article_id, user_id, content, created_at, updated_at, created_by, updated_by) values (77, 'hyoin2', 'Curabitur gravida nisi at nibh. In hac habitasse platea dictumst.', '2022-08-14 12:03:53', '2021-12-24 08:47:42', 'Bernadene', 'Hadley');
insert into article_comment (article_id, user_id, content, created_at, updated_at, created_by, updated_by) values (42, 'hyoin', 'In hac habitasse platea dictumst. Etiam faucibus cursus urna. Ut tellus.', '2022-06-14 06:45:38', '2022-05-08 07:58:22', 'Maximilian', 'Maire');
insert into article_comment (article_id, user_id, content, created_at, updated_at, created_by, updated_by) values (28, 'hyoin', 'Maecenas pulvinar lobortis est. Phasellus sit amet erat.', '2022-01-09 22:59:15', '2021-12-30 21:38:29', 'Nicky', 'Mei');
insert into article_comment (article_id, user_id, content, created_at, updated_at, created_by, updated_by) values (9, 'hyoin', 'Curabitur convallis. Duis consequat dui nec nisi volutpat eleifend. Donec ut dolor.', '2022-01-27 15:57:04', '2021-10-25 05:05:47', 'Mikol', 'Lynda');
insert into article_comment (article_id, user_id, content, created_at, updated_at, created_by, updated_by) values (24, 'hyoin2', 'In eleifend quam a odio. In hac habitasse platea dictumst.', '2022-05-01 19:38:25', '2022-04-17 19:51:48', 'Allister', 'Meade');
insert into article_comment (article_id, user_id, content, created_at, updated_at, created_by, updated_by) values (48, 'hyoin', 'Ut at dolor quis odio consequat varius. Integer ac leo. Pellentesque ultrices mattis odio.', '2021-11-24 17:47:14', '2022-04-20 10:52:31', 'Zarla', 'Noe');
insert into article_comment (article_id, user_id, content, created_at, updated_at, created_by, updated_by) values (76, 'hyoin', 'Aliquam erat volutpat. In congue. Etiam justo.', '2022-10-03 17:50:48', '2022-05-10 03:30:07', 'Theressa', 'Opal');
insert into article_comment (article_id, user_id, content, created_at, updated_at, created_by, updated_by) values (8, 'hyoin2', 'Nullam sit amet turpis elementum ligula vehicula consequat.', '2022-05-12 00:08:45', '2022-07-05 01:04:17', 'Lilith', 'Sax');
insert into article_comment (article_id, user_id, content, created_at, updated_at, created_by, updated_by) values (48, 'hyoin2', 'Lorem ipsum dolor sit amet, consectetuer adipiscing elit. Proin interdum mauris non ligula pellentesque ultrices. Phasellus id sapien in sapien iaculis congue.', '2022-05-19 20:15:53', '2021-11-01 07:36:27', 'Petronille', 'Forest');
insert into article_comment (article_id, user_id, content, created_at, updated_at, created_by, updated_by) values (40, 'hyoin2', 'Nulla tempus. Vivamus in felis eu sapien cursus vestibulum. Proin eu mi.', '2021-12-06 04:44:27', '2022-02-07 18:58:28', 'Anni', 'Tripp');
insert into article_comment (article_id, user_id, content, created_at, updated_at, created_by, updated_by) values (59, 'hyoin2', 'Vivamus in felis eu sapien cursus vestibulum.', '2022-04-30 13:51:32', '2021-10-26 06:21:51', 'Giovanna', 'Leeann');
insert into article_comment (article_id, user_id, content, created_at, updated_at, created_by, updated_by) values (80, 'hyoin', 'Duis bibendum, felis sed interdum venenatis, turpis enim blandit mi, in porttitor pede justo eu massa. Donec dapibus. Duis at velit eu est congue elementum.', '2022-04-29 14:47:53', '2022-08-26 13:11:38', 'Homer', 'Mickey');
insert into article_comment (article_id, user_id, content, created_at, updated_at, created_by, updated_by) values (98, 'hyoin', 'Nulla neque libero, convallis eget, eleifend luctus, ultricies eu, nibh.', '2022-08-15 19:32:50', '2022-10-13 19:14:41', 'Bryana', 'Joana');
insert into article_comment (article_id, user_id, content, created_at, updated_at, created_by, updated_by) values (96, 'hyoin', 'Duis consequat dui nec nisi volutpat eleifend. Donec ut dolor.', '2022-03-15 23:54:27', '2022-08-16 19:45:03', 'Adler', 'Vin');
insert into article_comment (article_id, user_id, content, created_at, updated_at, created_by, updated_by) values (8, 'hyoin2', 'Curabitur in libero ut massa volutpat convallis.', '2021-11-10 12:17:32', '2022-07-15 01:15:53', 'Ninon', 'Gaye');
insert into article_comment (article_id, user_id, content, created_at, updated_at, created_by, updated_by) values (13, 'hyoin2', 'Fusce lacus purus, aliquet at, feugiat non, pretium quis, lectus. Suspendisse potenti. In eleifend quam a odio.', '2022-05-13 06:20:08', '2022-09-12 13:18:32', 'Evin', 'Elbertina');
insert into article_comment (article_id, user_id, content, created_at, updated_at, created_by, updated_by) values (7, 'hyoin2', 'Donec quis orci eget orci vehicula condimentum. Curabitur in libero ut massa volutpat convallis.', '2022-01-28 03:46:06', '2022-06-29 17:33:29', 'Anica', 'Mattheus');
insert into article_comment (article_id, user_id, content, created_at, updated_at, created_by, updated_by) values (31, 'hyoin2', 'Donec vitae nisi. Nam ultrices, libero non mattis pulvinar, nulla pede ullamcorper augue, a suscipit nulla elit ac nulla. Sed vel enim sit amet nunc viverra dapibus.', '2022-05-17 20:58:49', '2022-08-27 11:46:14', 'Peri', 'Paquito');
insert into article_comment (article_id, user_id, content, created_at, updated_at, created_by, updated_by) values (55, 'hyoin2', 'Vivamus in felis eu sapien cursus vestibulum.', '2022-04-14 22:17:21', '2022-03-09 02:12:52', 'Sven', 'Otha');
insert into article_comment (article_id, user_id, content, created_at, updated_at, created_by, updated_by) values (16, 'hyoin2', 'Etiam justo. Etiam pretium iaculis justo. In hac habitasse platea dictumst.', '2022-07-31 15:07:25', '2022-01-08 19:17:04', 'Roscoe', 'Hagen');
insert into article_comment (article_id, user_id, content, created_at, updated_at, created_by, updated_by) values (69, 'hyoin2', 'Integer pede justo, lacinia eget, tincidunt eget, tempus vel, pede. Morbi porttitor lorem id ligula.', '2022-09-26 11:00:57', '2022-01-15 23:27:13', 'Yolanda', 'Liza');
insert into article_comment (article_id, user_id, content, created_at, updated_at, created_by, updated_by) values (4, 'hyoin', 'Nunc nisl.', '2022-09-29 19:03:27', '2022-01-13 10:33:32', 'Dyana', 'Creighton');
insert into article_comment (article_id, user_id, content, created_at, updated_at, created_by, updated_by) values (33, 'hyoin', 'Sed ante. Vivamus tortor.', '2022-04-03 21:00:49', '2022-07-02 23:04:10', 'Jerome', 'Delphinia');
insert into article_comment (article_id, user_id, content, created_at, updated_at, created_by, updated_by) values (72, 'hyoin2', 'Vestibulum ante ipsum primis in faucibus orci luctus et ultrices posuere cubilia Curae; Duis faucibus accumsan odio. Curabitur convallis.', '2022-07-04 07:20:48', '2022-03-01 22:29:36', 'Lucho', 'Curry');
insert into article_comment (article_id, user_id, content, created_at, updated_at, created_by, updated_by) values (27, 'hyoin2', 'Vivamus in felis eu sapien cursus vestibulum. Proin eu mi.', '2022-10-13 07:33:24', '2022-04-21 09:32:54', 'Isidro', 'Pietra');
insert into article_comment (article_id, user_id, content, created_at, updated_at, created_by, updated_by) values (70, 'hyoin', 'Pellentesque at nulla. Suspendisse potenti. Cras in purus eu magna vulputate luctus.', '2022-02-10 14:49:58', '2022-06-26 16:29:35', 'Whitaker', 'Fremont');
insert into article_comment (article_id, user_id, content, created_at, updated_at, created_by, updated_by) values (61, 'hyoin2', 'Duis bibendum, felis sed interdum venenatis, turpis enim blandit mi, in porttitor pede justo eu massa. Donec dapibus.', '2021-11-08 05:53:21', '2021-12-03 13:16:07', 'Ariel', 'Javier');
insert into article_comment (article_id, user_id, content, created_at, updated_at, created_by, updated_by) values (49, 'hyoin', 'Nulla mollis molestie lorem. Quisque ut erat. Curabitur gravida nisi at nibh.', '2022-04-25 05:52:19', '2021-12-08 02:48:00', 'Herculie', 'Lauretta');
insert into article_comment (article_id, user_id, content, created_at, updated_at, created_by, updated_by) values (81, 'hyoin', 'Duis at velit eu est congue elementum.', '2022-10-12 22:33:23', '2022-09-06 20:27:30', 'Randal', 'Annora');
insert into article_comment (article_id, user_id, content, created_at, updated_at, created_by, updated_by) values (9, 'hyoin', 'Maecenas tincidunt lacus at velit.', '2022-01-21 12:44:47', '2021-11-02 17:54:41', 'Stearn', 'Nicolette');
insert into article_comment (article_id, user_id, content, created_at, updated_at, created_by, updated_by) values (29, 'hyoin2', 'In sagittis dui vel nisl. Duis ac nibh. Fusce lacus purus, aliquet at, feugiat non, pretium quis, lectus.', '2022-08-09 19:27:25', '2022-08-11 19:24:13', 'Halsy', 'Blythe');
insert into article_comment (article_id, user_id, content, created_at, updated_at, created_by, updated_by) values (41, 'hyoin2', 'Praesent blandit. Nam nulla. Integer pede justo, lacinia eget, tincidunt eget, tempus vel, pede.', '2021-12-24 00:23:22', '2022-05-01 12:38:40', 'Engelbert', 'Davie');
insert into article_comment (article_id, user_id, content, created_at, updated_at, created_by, updated_by) values (34, 'hyoin', 'In blandit ultrices enim. Lorem ipsum dolor sit amet, consectetuer adipiscing elit. Proin interdum mauris non ligula pellentesque ultrices.', '2022-09-23 18:17:52', '2022-04-25 22:48:18', 'Franky', 'Olga');
insert into article_comment (article_id, user_id, content, created_at, updated_at, created_by, updated_by) values (96, 'hyoin', 'Sed vel enim sit amet nunc viverra dapibus. Nulla suscipit ligula in lacus. Curabitur at ipsum ac tellus semper interdum.', '2022-07-12 08:27:39', '2022-02-25 09:41:40', 'Montague', 'Jereme');
insert into article_comment (article_id, user_id, content, created_at, updated_at, created_by, updated_by) values (26, 'hyoin2', 'Vivamus metus arcu, adipiscing molestie, hendrerit at, vulputate vitae, nisl.', '2021-12-03 03:26:48', '2022-06-14 12:17:55', 'Mackenzie', 'Stefania');
insert into article_comment (article_id, user_id, content, created_at, updated_at, created_by, updated_by) values (23, 'hyoin2', 'Morbi a ipsum. Integer a nibh. In quis justo.', '2022-06-05 02:20:41', '2022-08-29 20:10:15', 'Dell', 'Natalya');
insert into article_comment (article_id, user_id, content, created_at, updated_at, created_by, updated_by) values (48, 'hyoin2', 'Morbi vestibulum, velit id pretium iaculis, diam erat fermentum justo, nec condimentum neque sapien placerat ante. Nulla justo. Aliquam quis turpis eget elit sodales scelerisque.', '2022-08-12 23:53:35', '2022-03-25 09:49:00', 'Cyndia', 'Bird');
insert into article_comment (article_id, user_id, content, created_at, updated_at, created_by, updated_by) values (65, 'hyoin2', 'Vestibulum ante ipsum primis in faucibus orci luctus et ultrices posuere cubilia Curae; Duis faucibus accumsan odio. Curabitur convallis. Duis consequat dui nec nisi volutpat eleifend.', '2022-01-01 08:07:28', '2022-07-24 01:18:00', 'Brena', 'Helyn');
insert into article_comment (article_id, user_id, content, created_at, updated_at, created_by, updated_by) values (49, 'hyoin', 'Cras non velit nec nisi vulputate nonummy. Maecenas tincidunt lacus at velit.', '2022-06-15 08:25:48', '2022-06-15 20:50:19', 'Teddi', 'Gena');

